{
    "Version": "2012-10-17",
    "Statement": [
        {
            "Effect": "Deny",
            "Action": [
                "codecommit:GitPush",
                "codecommit:DeleteBranch",
                "codecommit:PutFile",
                "codecommit:MergeBranchesByFastForward",
                "codecommit:MergeBranchesBySquash",
                "codecommit:MergeBranchesByThreeWay",
                "codecommit:MergePullRequestByFastForward",
                "codecommit:MergePullRequestBySquash",
                "codecommit:MergePullRequestByThreeWay"
            ],
            "Resource": "arn:aws:codecommit:*:*:*",
            "Condition": {
                "StringEqualsIfExists": {
                    "codecommit:References": [
                        "refs/heads/master"
                     ]
                },
                "Null": {
                    "codecommit:References": "false"
                }
            }
        }
    ]
}